{
  "project_info": {
    "project_number": "577162874642",
    "project_id": "fudito-test",
    "storage_bucket": "fudito-test.appspot.com"
  },
  "client": [
    {
      "client_info": {
        "mobilesdk_app_id": "1:577162874642:android:ad2f92c439941686d12dcb",
        "android_client_info": {
          "package_name": "com.company_name.fudito"
        }
      },
      "oauth_client": [
        {
          "client_id": "577162874642-vc07fbeh7aa279dpbk00skl8oj9ehb9j.apps.googleusercontent.com",
          "client_type": 1,
          "android_info": {
            "package_name": "com.company_name.fudito",
            "certificate_hash": "d07b1406c32c6d4a2f8a477426b7f877c35f8674"
          }
        },
        {
          "client_id": "577162874642-um7o7ugubd5545n6sav55v9foiuf035u.apps.googleusercontent.com",
          "client_type": 3
        }
      ],
      "api_key": [
        {
          "current_key": "AIzaSyCD50MWOSMTd7Hrqkg0LgnfPFPsjByN2QM"
        }
      ],
      "services": {
        "appinvite_service": {
          "other_platform_oauth_client": [
            {
              "client_id": "577162874642-um7o7ugubd5545n6sav55v9foiuf035u.apps.googleusercontent.com",
              "client_type": 3
            }
          ]
        }
      }
    }
  ],
  "configuration_version": "1"
}